Issue Type,Issue key,Summary,Parent,Story Points,Status,Description
Epic,EFFICIENTI-94,DS2: Desenvolvimento da API REST Principal (Java / Spring Boot),,130,In Progress,"Épico guarda-chuva responsável por todos os requisitos da disciplina de Desenvolvimento de Sistemas 2 (DS2), provendo a API RESTful central para Mobile, Web e IA."
Story,EFFICIENTI-218,Sprint 01: Fundação da API REST Principal e CI,EFFICIENTI-94,5,Done,"Fundação Spring Boot, Actuator e esteira GitHub Actions."
Story,EFFICIENTI-219,Sprint 02: PostgreSQL e Migrações Flyway (V1),EFFICIENTI-94,8,Done,"Setup do PostgreSQL com Supabase, migração V1 e entidades base JPA."
Story,EFFICIENTI-220,Sprint 03: Domínio e Persistência de Documentos (V2),EFFICIENTI-94,5,Done,"Criação da tabela de documentos no PostgreSQL com UUID público e Flyway V2."
Story,EFFICIENTI-221,Sprint 04: Storage Privado e Integridade Criptográfica (SHA-256),EFFICIENTI-94,8,Done,"Camada de StorageService desacoplada, hash SHA-256 e blindagem contra Path Traversal."
Story,EFFICIENTI-222,Sprint 05: Upload Multipart de PDF/PNG e Idempotência,EFFICIENTI-94,8,Done,"Endpoint POST /api/v1/documentos com suporte a multipart e Idempotency-Key."
Story,EFFICIENTI-223,Sprint 06: Assinaturas Digitais Multimodais,EFFICIENTI-94,5,Done,"Assinaturas por foto, desenho e texto com validação estrita de exclusividade."
Story,EFFICIENTI-224,Sprint 07: Listagem Paginada e Cursor Opaco para Mobile/IA,EFFICIENTI-94,8,Done,"Paginação por cursor opaco Base64 e filtros dinâmicos de documentos."
Story,EFFICIENTI-225,Sprint 08: Download Streaming Seguro e Visualização Inline,EFFICIENTI-94,5,Done,"Endpoint de streaming de arquivos binários com flag inline para browser."
Story,EFFICIENTI-226,Sprint 09: Ciclo de Vida de Documentos: CRUD e Auditoria (V3),EFFICIENTI-94,8,Done,"Atualização otimista com PATCH, deleção com DELETE e tabela de auditoria V3."
Story,EFFICIENTI-227,Sprint 10: Validações Estritas, RFC 7807 e OpenAPI/Swagger UI,EFFICIENTI-94,5,Done,"Padronização RFC 7807 ProblemDetail, magic bytes e Swagger interativo."
Story,EFFICIENTI-228,Sprint 11: Segurança Spring Security, JWT e CORS,EFFICIENTI-94,8,Done,"Controle RBAC stateless com tokens JWT Bearer e filtro de CORS."
Story,EFFICIENTI-229,Sprint 12: Exportação Assíncrona de Lote e Enfileiramento (V4),EFFICIENTI-94,5,Done,"Fila de empacotamento em lote, retorno HTTP 202 Accepted e Flyway V4."
Story,EFFICIENTI-230,Sprint 13: Worker ZIP em Background e Download Consolidado,EFFICIENTI-94,8,Done,"Processamento assíncrono em lote, geração de ZIPs e limpeza automática."
Story,EFFICIENTI-231,Sprint 14: Observabilidade, MDC e Métricas Prometheus,EFFICIENTI-94,5,Done,"Correlation ID distribuído, métricas Micrometer e health check de storage."
Story,EFFICIENTI-232,Sprint 15: Homologação E2E Testcontainers e Deploy Render,EFFICIENTI-94,8,Done,"Testes ponta a ponta com Docker Postgres real, Dockerfile e deploy Render."
Story,EFFICIENTI-233,Sprint 16: Fluxo de Autenticação Operacional e Login Mobile,EFFICIENTI-94,5,Done,"Autenticação mobile por CPF/e-mail, senha e código de empresa."
Story,EFFICIENTI-234,Sprint 17: Cadastro de Empresas e Código de 8 Dígitos (V5),EFFICIENTI-94,8,Done,"Estrutura corporativa multi-tenant e gerador autônomo de código empresarial."
Story,EFFICIENTI-235,Sprint 18: Gestão Multi-tenant SaaS e Adesão de Administradores,EFFICIENTI-94,8,Done,"Primeiro acesso obrigatório de gestores e pré-login de funcionários da empresa."
Story,EFFICIENTI-236,Sprint 19: Onboarding Corporativo: Etapa 1 de 3 (Dados, Endereço e Logo) (V6),EFFICIENTI-94,8,Done,"Etapa 1 de onboarding: telefone, endereço completo, upload e streaming de logo PNG/SVG."
